"","File","time_ms","env","F0","TP","Word","Gestural_Prom","Prosodic_Prom","Syll_num","Syll","Participant","Language","Item_type","Item_num","Focus","Gender","Age","Native_language"
"1","G26_T_09_R",15,0,0,NA,NA,"",NA,NA,NA,26,"German","target",9,"corrective","female",30,"German"
"2","G26_T_09_R",25,0,0,NA,NA,"",NA,NA,NA,26,"German","target",9,"corrective","female",30,"German"
"3","G26_T_09_R",35,0,0,NA,NA,"",NA,NA,NA,26,"German","target",9,"corrective","female",30,"German"
"4","G26_T_09_R",45,0,0,NA,NA,"",NA,NA,NA,26,"German","target",9,"corrective","female",30,"German"
"5","G26_T_09_R",55,0,210.973617553711,NA,NA,"",NA,NA,NA,26,"German","target",9,"corrective","female",30,"German"
"6","G26_T_09_R",65,0,208.915344238281,NA,NA,"",NA,NA,NA,26,"German","target",9,"corrective","female",30,"German"
"7","G26_T_09_R",75,0,213.230667114258,NA,NA,"",NA,NA,NA,26,"German","target",9,"corrective","female",30,"German"
"8","G26_T_09_R",85,0,207.463729858398,NA,NA,"",NA,NA,NA,26,"German","target",9,"corrective","female",30,"German"
"9","G26_T_09_R",95,0.00147041506064815,218.587524414062,NA,NA,"",NA,NA,NA,26,"German","target",9,"corrective","female",30,"German"
"10","G26_T_09_R",105,0.00269407069719343,0,NA,NA,"",NA,NA,NA,26,"German","target",9,"corrective","female",30,"German"
"11","G26_T_09_R",115,0.00224105716832643,0,NA,NA,"",NA,NA,NA,26,"German","target",9,"corrective","female",30,"German"
"12","G26_T_09_R",125,0.00186652238934358,215.509307861328,NA,NA,"",NA,NA,NA,26,"German","target",9,"corrective","female",30,"German"
"13","G26_T_09_R",135,0.00156364305198891,208.79084777832,NA,NA,"",NA,NA,NA,26,"German","target",9,"corrective","female",30,"German"
"14","G26_T_09_R",145,0.00132221642721346,204.069396972656,NA,NA,"",NA,NA,NA,26,"German","target",9,"corrective","female",30,"German"
"15","G26_T_09_R",155,0.0011368333309329,204.321151733398,NA,NA,"",NA,NA,NA,26,"German","target",9,"corrective","female",30,"German"
"16","G26_T_09_R",165,0.00100575562753214,0,NA,NA,"",NA,NA,NA,26,"German","target",9,"corrective","female",30,"German"
"17","G26_T_09_R",175,0.000919163123837085,0,NA,NA,"",NA,NA,NA,26,"German","target",9,"corrective","female",30,"German"
"18","G26_T_09_R",185,0.000861809146072462,0,NA,NA,"",NA,NA,NA,26,"German","target",9,"corrective","female",30,"German"
"19","G26_T_09_R",195,0.000820831131074629,0,NA,NA,"",NA,NA,NA,26,"German","target",9,"corrective","female",30,"German"
"20","G26_T_09_R",205,0.000787596240925007,0,NA,NA,"",NA,NA,NA,26,"German","target",9,"corrective","female",30,"German"
"21","G26_T_09_R",215,0.000755264033610262,0,NA,NA,"",NA,NA,NA,26,"German","target",9,"corrective","female",30,"German"
"22","G26_T_09_R",225,0.000718476888208276,0,NA,NA,"",NA,NA,NA,26,"German","target",9,"corrective","female",30,"German"
"23","G26_T_09_R",235,0.000674676342278423,0,NA,NA,"",NA,NA,NA,26,"German","target",9,"corrective","female",30,"German"
"24","G26_T_09_R",245,0.000622375499969835,0,NA,NA,"",NA,NA,NA,26,"German","target",9,"corrective","female",30,"German"
"25","G26_T_09_R",255,0.00056075557965403,0,NA,NA,"",NA,NA,NA,26,"German","target",9,"corrective","female",30,"German"
"26","G26_T_09_R",265,0.000490961579851204,0,NA,NA,"",NA,NA,NA,26,"German","target",9,"corrective","female",30,"German"
"27","G26_T_09_R",275,0.000416404210161871,0,NA,NA,"",NA,NA,NA,26,"German","target",9,"corrective","female",30,"German"
"28","G26_T_09_R",285,0.000342343301596485,0,NA,NA,"",NA,NA,NA,26,"German","target",9,"corrective","female",30,"German"
"29","G26_T_09_R",295,0.000274314402896326,0,NA,NA,"",NA,NA,NA,26,"German","target",9,"corrective","female",30,"German"
"30","G26_T_09_R",305,0.000217204210800486,0,NA,NA,"",NA,NA,NA,26,"German","target",9,"corrective","female",30,"German"
"31","G26_T_09_R",315,0.000174697718652789,0,NA,NA,"",NA,NA,NA,26,"German","target",9,"corrective","female",30,"German"
"32","G26_T_09_R",325,0.000146301333599236,0,NA,NA,"",NA,NA,NA,26,"German","target",9,"corrective","female",30,"German"
"33","G26_T_09_R",335,0.000128181302545673,0,NA,NA,"",NA,NA,NA,26,"German","target",9,"corrective","female",30,"German"
"34","G26_T_09_R",345,0.000116984246756791,0,NA,NA,"",NA,NA,NA,26,"German","target",9,"corrective","female",30,"German"
"35","G26_T_09_R",355,0.000110062775310883,0,NA,NA,"",NA,NA,NA,26,"German","target",9,"corrective","female",30,"German"
"36","G26_T_09_R",365,0.000105638505020273,0,NA,NA,"",NA,NA,NA,26,"German","target",9,"corrective","female",30,"German"
"37","G26_T_09_R",375,0.000102827483641806,0,NA,NA,"",NA,NA,NA,26,"German","target",9,"corrective","female",30,"German"
"38","G26_T_09_R",385,0.000101094949812153,0,NA,NA,"",NA,NA,NA,26,"German","target",9,"corrective","female",30,"German"
"39","G26_T_09_R",395,0.000100090930468525,0,NA,NA,"",NA,NA,NA,26,"German","target",9,"corrective","female",30,"German"
"40","G26_T_09_R",405,9.95394755058312e-05,0,NA,NA,"",NA,NA,NA,26,"German","target",9,"corrective","female",30,"German"
"41","G26_T_09_R",415,9.91999342011218e-05,0,NA,NA,"",NA,NA,NA,26,"German","target",9,"corrective","female",30,"German"
"42","G26_T_09_R",425,9.89005585987326e-05,0,NA,NA,"",NA,NA,NA,26,"German","target",9,"corrective","female",30,"German"
"43","G26_T_09_R",435,9.8587418474304e-05,0,NA,NA,"",NA,NA,NA,26,"German","target",9,"corrective","female",30,"German"
"44","G26_T_09_R",445,9.82846425298879e-05,0,NA,NA,"",NA,NA,NA,26,"German","target",9,"corrective","female",30,"German"
"45","G26_T_09_R",455,9.80171514378452e-05,0,NA,NA,"",NA,NA,NA,26,"German","target",9,"corrective","female",30,"German"
"46","G26_T_09_R",465,9.78129915637131e-05,0,NA,NA,"",NA,NA,NA,26,"German","target",9,"corrective","female",30,"German"
"47","G26_T_09_R",475,9.77084431080114e-05,0,NA,NA,"",NA,NA,NA,26,"German","target",9,"corrective","female",30,"German"
"48","G26_T_09_R",485,9.76964222761777e-05,0,NA,NA,"",NA,NA,NA,26,"German","target",9,"corrective","female",30,"German"
"49","G26_T_09_R",495,9.77475405578289e-05,0,NA,NA,"",NA,NA,NA,26,"German","target",9,"corrective","female",30,"German"
"50","G26_T_09_R",505,9.78349904549011e-05,0,NA,NA,"",NA,NA,NA,26,"German","target",9,"corrective","female",30,"German"
"51","G26_T_09_R",515,9.79457149340079e-05,0,NA,NA,"",NA,NA,NA,26,"German","target",9,"corrective","female",30,"German"
"52","G26_T_09_R",525,9.80579974904891e-05,0,NA,NA,"",NA,NA,NA,26,"German","target",9,"corrective","female",30,"German"
"53","G26_T_09_R",535,9.8156502078959e-05,0,NA,NA,"",NA,NA,NA,26,"German","target",9,"corrective","female",30,"German"
"54","G26_T_09_R",545,9.82318864896186e-05,0,NA,NA,"",NA,NA,NA,26,"German","target",9,"corrective","female",30,"German"
"55","G26_T_09_R",555,9.82754384075397e-05,0,NA,NA,"",NA,NA,NA,26,"German","target",9,"corrective","female",30,"German"
"56","G26_T_09_R",565,9.82914172380375e-05,0,NA,NA,"",NA,NA,NA,26,"German","target",9,"corrective","female",30,"German"
"57","G26_T_09_R",575,9.82712809971965e-05,0,NA,NA,"",NA,NA,NA,26,"German","target",9,"corrective","female",30,"German"
"58","G26_T_09_R",585,9.82037784248461e-05,0,NA,NA,"",NA,NA,NA,26,"German","target",9,"corrective","female",30,"German"
"59","G26_T_09_R",595,9.8079138210079e-05,0,NA,NA,"",NA,NA,NA,26,"German","target",9,"corrective","female",30,"German"
"60","G26_T_09_R",605,9.79118072122804e-05,0,NA,NA,"",NA,NA,NA,26,"German","target",9,"corrective","female",30,"German"
"61","G26_T_09_R",615,9.77298340293914e-05,0,NA,NA,"",NA,NA,NA,26,"German","target",9,"corrective","female",30,"German"
"62","G26_T_09_R",625,9.75495974908437e-05,0,NA,NA,"",NA,NA,NA,26,"German","target",9,"corrective","female",30,"German"
"63","G26_T_09_R",635,9.73682145819806e-05,0,NA,NA,"",NA,NA,NA,26,"German","target",9,"corrective","female",30,"German"
"64","G26_T_09_R",645,9.71775310451331e-05,0,NA,NA,"",NA,NA,NA,26,"German","target",9,"corrective","female",30,"German"
"65","G26_T_09_R",655,9.69941128443278e-05,0,NA,NA,"",NA,NA,NA,26,"German","target",9,"corrective","female",30,"German"
"66","G26_T_09_R",665,9.68614739578201e-05,0,NA,NA,"",NA,NA,NA,26,"German","target",9,"corrective","female",30,"German"
"67","G26_T_09_R",675,9.68143056234243e-05,0,NA,NA,"",NA,NA,NA,26,"German","target",9,"corrective","female",30,"German"
"68","G26_T_09_R",685,9.68877399876466e-05,0,NA,NA,"",NA,NA,NA,26,"German","target",9,"corrective","female",30,"German"
"69","G26_T_09_R",695,9.71328985371105e-05,0,NA,NA,"",NA,NA,NA,26,"German","target",9,"corrective","female",30,"German"
"70","G26_T_09_R",705,9.75966360446677e-05,0,NA,NA,"",NA,NA,NA,26,"German","target",9,"corrective","female",30,"German"
"71","G26_T_09_R",715,9.82687558289438e-05,0,NA,NA,"",NA,NA,NA,26,"German","target",9,"corrective","female",30,"German"
"72","G26_T_09_R",725,9.91070925018447e-05,0,NA,NA,"",NA,NA,NA,26,"German","target",9,"corrective","female",30,"German"
"73","G26_T_09_R",735,0.000100239009402405,0,NA,NA,"",NA,NA,NA,26,"German","target",9,"corrective","female",30,"German"
"74","G26_T_09_R",745,0.000102213880852513,0,NA,NA,"",NA,NA,NA,26,"German","target",9,"corrective","female",30,"German"
"75","G26_T_09_R",755,0.000105993038858695,0,NA,NA,"",NA,NA,NA,26,"German","target",9,"corrective","female",30,"German"
"76","G26_T_09_R",765,0.000112556951793113,0,NA,NA,"",NA,NA,NA,26,"German","target",9,"corrective","female",30,"German"
"77","G26_T_09_R",775,0.000122397406185176,0,NA,NA,"",NA,NA,NA,26,"German","target",9,"corrective","female",30,"German"
"78","G26_T_09_R",785,0.00013524851827261,0,NA,NA,"",NA,NA,NA,26,"German","target",9,"corrective","female",30,"German"
"79","G26_T_09_R",795,0.000150211523791172,0,NA,NA,"",NA,NA,NA,26,"German","target",9,"corrective","female",30,"German"
"80","G26_T_09_R",805,0.000165982638177924,0,NA,NA,"",NA,NA,NA,26,"German","target",9,"corrective","female",30,"German"
"81","G26_T_09_R",815,0.000181106655771407,0,NA,NA,"",NA,NA,NA,26,"German","target",9,"corrective","female",30,"German"
"82","G26_T_09_R",825,0.000194179280115675,0,NA,NA,"",NA,NA,NA,26,"German","target",9,"corrective","female",30,"German"
"83","G26_T_09_R",835,0.000203964253600448,0,NA,NA,"",NA,NA,NA,26,"German","target",9,"corrective","female",30,"German"
"84","G26_T_09_R",845,0.000209509721406099,0,NA,NA,"",NA,NA,NA,26,"German","target",9,"corrective","female",30,"German"
"85","G26_T_09_R",855,0.000210241113647229,0,NA,NA,"",NA,NA,NA,26,"German","target",9,"corrective","female",30,"German"
"86","G26_T_09_R",865,0.0002060305279935,0,NA,NA,"",NA,NA,NA,26,"German","target",9,"corrective","female",30,"German"
"87","G26_T_09_R",875,0.000197249061563223,0,NA,NA,"",NA,NA,NA,26,"German","target",9,"corrective","female",30,"German"
"88","G26_T_09_R",885,0.000184715904272206,0,NA,NA,"",NA,NA,NA,26,"German","target",9,"corrective","female",30,"German"
"89","G26_T_09_R",895,0.000169574721159352,0,NA,NA,"",NA,NA,NA,26,"German","target",9,"corrective","female",30,"German"
"90","G26_T_09_R",905,0.00015321823951305,0,NA,NA,"",NA,NA,NA,26,"German","target",9,"corrective","female",30,"German"
"91","G26_T_09_R",915,0.000137203278510691,0,NA,NA,"",NA,NA,NA,26,"German","target",9,"corrective","female",30,"German"
"92","G26_T_09_R",925,0.0001231508599256,0,NA,NA,"",NA,NA,NA,26,"German","target",9,"corrective","female",30,"German"
"93","G26_T_09_R",935,0.00011274372870951,0,NA,NA,"",NA,NA,NA,26,"German","target",9,"corrective","female",30,"German"
"94","G26_T_09_R",945,0.000108173215726645,0,NA,NA,"",NA,NA,NA,26,"German","target",9,"corrective","female",30,"German"
"95","G26_T_09_R",955,0.000115362815173089,0,NA,NA,"",NA,NA,NA,26,"German","target",9,"corrective","female",30,"German"
"96","G26_T_09_R",965,0.000140914266419494,0,NA,NA,"",NA,NA,NA,26,"German","target",9,"corrective","female",30,"German"
"97","G26_T_09_R",975,0.000191805099475115,0,NA,NA,"",NA,NA,NA,26,"German","target",9,"corrective","female",30,"German"
"98","G26_T_09_R",985,0.000283146466761295,0,NA,NA,"",NA,NA,NA,26,"German","target",9,"corrective","female",30,"German"
"99","G26_T_09_R",995,0.000452253885338836,0,NA,NA,"",NA,NA,NA,26,"German","target",9,"corrective","female",30,"German"
"100","G26_T_09_R",1005,0.000772949763820313,0,NA,NA,"",NA,NA,NA,26,"German","target",9,"corrective","female",30,"German"
"101","G26_T_09_R",1015,0.00134018367494173,0,NA,NA,"",NA,NA,NA,26,"German","target",9,"corrective","female",30,"German"
"102","G26_T_09_R",1025,0.00223263531756012,0,NA,NA,"",NA,NA,NA,26,"German","target",9,"corrective","female",30,"German"
"103","G26_T_09_R",1035,0.00349154358447962,0,NA,NA,"",NA,NA,NA,26,"German","target",9,"corrective","female",30,"German"
"104","G26_T_09_R",1045,0.00512676852863526,0,NA,NA,"",NA,NA,NA,26,"German","target",9,"corrective","female",30,"German"
"105","G26_T_09_R",1055,0.00711130184767384,0,NA,NA,"",NA,NA,NA,26,"German","target",9,"corrective","female",30,"German"
"106","G26_T_09_R",1065,0.00934595550315999,0,NA,NA,"",NA,NA,NA,26,"German","target",9,"corrective","female",30,"German"
"107","G26_T_09_R",1075,0.0116778653974467,0,NA,NA,"",NA,NA,NA,26,"German","target",9,"corrective","female",30,"German"
"108","G26_T_09_R",1085,0.0139414936259379,0,NA,NA,"",NA,NA,NA,26,"German","target",9,"corrective","female",30,"German"
"109","G26_T_09_R",1095,0.0159661496447273,216.008926391602,NA,NA,"",NA,NA,NA,26,"German","target",9,"corrective","female",30,"German"
"110","G26_T_09_R",1105,0.0175943462512141,215.940155029297,NA,NA,"",NA,NA,NA,26,"German","target",9,"corrective","female",30,"German"
"111","G26_T_09_R",1115,0.0186996062901848,213.763824462891,NA,NA,"",NA,NA,NA,26,"German","target",9,"corrective","female",30,"German"
"112","G26_T_09_R",1125,0.0192037731948208,216.811584472656,NA,NA,"",NA,NA,NA,26,"German","target",9,"corrective","female",30,"German"
"113","G26_T_09_R",1135,0.0190897599899416,0,NA,NA,"",NA,NA,NA,26,"German","target",9,"corrective","female",30,"German"
"114","G26_T_09_R",1145,0.0184350046237446,0,NA,NA,"",NA,NA,NA,26,"German","target",9,"corrective","female",30,"German"
"115","G26_T_09_R",1155,0.0173831520151066,0,NA,NA,"",NA,NA,NA,26,"German","target",9,"corrective","female",30,"German"
"116","G26_T_09_R",1165,0.0161375134484599,0,NA,NA,"",NA,NA,NA,26,"German","target",9,"corrective","female",30,"German"
"117","G26_T_09_R",1175,0.0149865289262794,0,NA,NA,"",NA,NA,NA,26,"German","target",9,"corrective","female",30,"German"
"118","G26_T_09_R",1185,0.0142687352602658,0,NA,NA,"",NA,NA,NA,26,"German","target",9,"corrective","female",30,"German"
"119","G26_T_09_R",1195,0.0142839339464444,0,NA,NA,"",NA,NA,NA,26,"German","target",9,"corrective","female",30,"German"
"120","G26_T_09_R",1205,0.015181910686547,0,NA,NA,"",NA,NA,NA,26,"German","target",9,"corrective","female",30,"German"
"121","G26_T_09_R",1215,0.0169623656817107,0,NA,NA,"",NA,NA,NA,26,"German","target",9,"corrective","female",30,"German"
"122","G26_T_09_R",1225,0.019534675535613,0,NA,NA,"",NA,NA,NA,26,"German","target",9,"corrective","female",30,"German"
"123","G26_T_09_R",1235,0.0227604720157039,0,NA,NA,"",NA,NA,NA,26,"German","target",9,"corrective","female",30,"German"
"124","G26_T_09_R",1245,0.0264425620400314,0,NA,NA,"",NA,NA,NA,26,"German","target",9,"corrective","female",30,"German"
"125","G26_T_09_R",1255,0.0303284409724115,0,NA,NA,"",NA,NA,NA,26,"German","target",9,"corrective","female",30,"German"
"126","G26_T_09_R",1265,0.0342004088646772,0,NA,NA,"",NA,NA,NA,26,"German","target",9,"corrective","female",30,"German"
"127","G26_T_09_R",1275,0.0379022821153544,0,NA,NA,"",NA,NA,NA,26,"German","target",9,"corrective","female",30,"German"
"128","G26_T_09_R",1285,0.0413017382276421,0,NA,NA,"",NA,NA,NA,26,"German","target",9,"corrective","female",30,"German"
"129","G26_T_09_R",1295,0.0442928854830175,0,NA,NA,"",NA,NA,NA,26,"German","target",9,"corrective","female",30,"German"
"130","G26_T_09_R",1305,0.0468015836643501,222.06999206543,NA,NA,"",NA,NA,NA,26,"German","target",9,"corrective","female",30,"German"
"131","G26_T_09_R",1315,0.0487886504519354,229.681121826172,NA,NA,"",NA,NA,NA,26,"German","target",9,"corrective","female",30,"German"
"132","G26_T_09_R",1325,0.0502335843031387,219.555465698242,NA,NA,"",NA,NA,NA,26,"German","target",9,"corrective","female",30,"German"
"133","G26_T_09_R",1335,0.0511303184304953,229.482070922852,NA,NA,"",NA,NA,NA,26,"German","target",9,"corrective","female",30,"German"
"134","G26_T_09_R",1345,0.0515090533447031,225.323196411133,NA,NA,"",NA,NA,NA,26,"German","target",9,"corrective","female",30,"German"
"135","G26_T_09_R",1355,0.0514611797316037,229.526718139648,NA,NA,"",NA,NA,NA,26,"German","target",9,"corrective","female",30,"German"
"136","G26_T_09_R",1365,0.0510767613034107,232.732070922852,NA,NA,"",NA,NA,NA,26,"German","target",9,"corrective","female",30,"German"
"137","G26_T_09_R",1375,0.0504053121661479,223.045150756836,NA,NA,"",NA,NA,NA,26,"German","target",9,"corrective","female",30,"German"
"138","G26_T_09_R",1385,0.0494706464079308,225.973266601562,NA,NA,"",NA,NA,NA,26,"German","target",9,"corrective","female",30,"German"
"139","G26_T_09_R",1395,0.0482640794716365,224.312957763672,NA,NA,"",NA,NA,NA,26,"German","target",9,"corrective","female",30,"German"
"140","G26_T_09_R",1405,0.0468129100823572,219.429504394531,NA,NA,"",NA,NA,NA,26,"German","target",9,"corrective","female",30,"German"
"141","G26_T_09_R",1415,0.0451999432138202,214.481567382812,NA,NA,"",NA,NA,NA,26,"German","target",9,"corrective","female",30,"German"
"142","G26_T_09_R",1425,0.0435162380502314,212.053298950195,NA,NA,"",NA,NA,NA,26,"German","target",9,"corrective","female",30,"German"
"143","G26_T_09_R",1435,0.0418440147478952,222.636520385742,NA,NA,"",NA,NA,NA,26,"German","target",9,"corrective","female",30,"German"
"144","G26_T_09_R",1445,0.0402857451784759,210.546356201172,NA,NA,"",NA,NA,NA,26,"German","target",9,"corrective","female",30,"German"
"145","G26_T_09_R",1455,0.0389604802802439,201.814559936523,NA,NA,"",NA,NA,NA,26,"German","target",9,"corrective","female",30,"German"
"146","G26_T_09_R",1465,0.0379230175846779,198.98991394043,NA,NA,"",NA,NA,NA,26,"German","target",9,"corrective","female",30,"German"
"147","G26_T_09_R",1475,0.0371284591625831,195.366851806641,NA,NA,"",NA,NA,NA,26,"German","target",9,"corrective","female",30,"German"
"148","G26_T_09_R",1485,0.0364837489051252,0,NA,NA,"",NA,NA,NA,26,"German","target",9,"corrective","female",30,"German"
"149","G26_T_09_R",1495,0.0358903008376884,0,NA,NA,"",NA,NA,NA,26,"German","target",9,"corrective","female",30,"German"
"150","G26_T_09_R",1505,0.0352454192627974,183.637725830078,NA,NA,"",NA,NA,NA,26,"German","target",9,"corrective","female",30,"German"
"151","G26_T_09_R",1515,0.0344503667713087,188.18879699707,NA,NA,"",NA,"1","pre",26,"German","target",9,"corrective","female",30,"German"
"152","G26_T_09_R",1525,0.0334551605118808,188.067230224609,NA,NA,"",NA,"1","pre",26,"German","target",9,"corrective","female",30,"German"
"153","G26_T_09_R",1535,0.0322653439889978,193.273849487305,NA,NA,"",NA,"1","pre",26,"German","target",9,"corrective","female",30,"German"
"154","G26_T_09_R",1545,0.0308736431732883,191.288101196289,NA,NA,"",NA,"1","pre",26,"German","target",9,"corrective","female",30,"German"
"155","G26_T_09_R",1555,0.029256752863188,189.893096923828,NA,NA,"",NA,"1","pre",26,"German","target",9,"corrective","female",30,"German"
"156","G26_T_09_R",1565,0.0274261283991761,184.603164672852,NA,NA,"",NA,"1","pre",26,"German","target",9,"corrective","female",30,"German"
"157","G26_T_09_R",1575,0.0254079792178629,184.245208740234,NA,NA,"",NA,"1","pre",26,"German","target",9,"corrective","female",30,"German"
"158","G26_T_09_R",1585,0.0232221763739243,185.547454833984,NA,NA,"",NA,"1","pre",26,"German","target",9,"corrective","female",30,"German"
"159","G26_T_09_R",1595,0.020926567008806,193.366058349609,NA,NA,"",NA,"1","pre",26,"German","target",9,"corrective","female",30,"German"
"160","G26_T_09_R",1605,0.0186100896758525,189.665481567383,NA,NA,"",NA,"1","pre",26,"German","target",9,"corrective","female",30,"German"
"161","G26_T_09_R",1615,0.0163620937533022,191.102523803711,NA,NA,"",NA,"1","pre",26,"German","target",9,"corrective","female",30,"German"
"162","G26_T_09_R",1625,0.0142775993377336,187.957946777344,NA,NA,"",NA,"1","pre",26,"German","target",9,"corrective","female",30,"German"
"163","G26_T_09_R",1635,0.0124419182998359,194.386093139648,NA,NA,"",NA,"1","pre",26,"German","target",9,"corrective","female",30,"German"
"164","G26_T_09_R",1645,0.0109435426414947,189.400482177734,NA,NA,"",NA,"1","pre",26,"German","target",9,"corrective","female",30,"German"
"165","G26_T_09_R",1655,0.00989304267539329,189.723327636719,"NP","N","","1","2","brɪl",26,"German","target",9,"corrective","female",30,"German"
"166","G26_T_09_R",1665,0.00939606786718774,194.838134765625,"NP","N","","1","2","brɪl",26,"German","target",9,"corrective","female",30,"German"
"167","G26_T_09_R",1675,0.00952434104126378,185.015731811523,"NP","N","","1","2","brɪl",26,"German","target",9,"corrective","female",30,"German"
"168","G26_T_09_R",1685,0.0102904411197341,187.549270629883,"NP","N","","1","2","brɪl",26,"German","target",9,"corrective","female",30,"German"
"169","G26_T_09_R",1695,0.0116367591122585,0,"NP","N","","1","2","brɪl",26,"German","target",9,"corrective","female",30,"German"
"170","G26_T_09_R",1705,0.0134576638753824,0,"NP","N","","1","2","brɪl",26,"German","target",9,"corrective","female",30,"German"
"171","G26_T_09_R",1715,0.0156192287884486,0,"NP","N","","1","2","brɪl",26,"German","target",9,"corrective","female",30,"German"
"172","G26_T_09_R",1725,0.0179515598194009,0,"NP","N","","1","2","brɪl",26,"German","target",9,"corrective","female",30,"German"
"173","G26_T_09_R",1735,0.0202592454454696,189.695220947266,"NP","N","","1","2","brɪl",26,"German","target",9,"corrective","female",30,"German"
"174","G26_T_09_R",1745,0.0223729584256744,188.998779296875,"NP","N","","1","2","brɪl",26,"German","target",9,"corrective","female",30,"German"
"175","G26_T_09_R",1755,0.024180006090964,184.981262207031,"NP","N","","1","2","brɪl",26,"German","target",9,"corrective","female",30,"German"
"176","G26_T_09_R",1765,0.0256172371688923,188.600006103516,"NP","N","","1","2","brɪl",26,"German","target",9,"corrective","female",30,"German"
"177","G26_T_09_R",1775,0.0266647968684105,187.580902099609,"NP","N","","1","2","brɪl",26,"German","target",9,"corrective","female",30,"German"
"178","G26_T_09_R",1785,0.0273480704423765,187.389877319336,"NP","N","","1","2","brɪl",26,"German","target",9,"corrective","female",30,"German"
"179","G26_T_09_R",1795,0.0277360492718908,186.20263671875,"NP","N","","1","2","brɪl",26,"German","target",9,"corrective","female",30,"German"
"180","G26_T_09_R",1805,0.0279348221101083,183.213348388672,"NP","N","","1","2","brɪl",26,"German","target",9,"corrective","female",30,"German"
"181","G26_T_09_R",1815,0.028061770695858,185.194412231445,"NP","N","","1","2","brɪl",26,"German","target",9,"corrective","female",30,"German"
"182","G26_T_09_R",1825,0.0282158712270258,183.391311645508,"NP","N","","1","3","post",26,"German","target",9,"corrective","female",30,"German"
"183","G26_T_09_R",1835,0.0284633780759813,182.602081298828,"NP","N","","1","3","post",26,"German","target",9,"corrective","female",30,"German"
"184","G26_T_09_R",1845,0.0287922850708604,187.493133544922,"NP","N","","1","3","post",26,"German","target",9,"corrective","female",30,"German"
"185","G26_T_09_R",1855,0.0291102107083435,187.51220703125,"NP","N","","1","3","post",26,"German","target",9,"corrective","female",30,"German"
"186","G26_T_09_R",1865,0.0293258727586042,185.732315063477,"NP","N","","1","3","post",26,"German","target",9,"corrective","female",30,"German"
"187","G26_T_09_R",1875,0.0293941240623272,185.657836914062,"NP","N","","1","3","post",26,"German","target",9,"corrective","female",30,"German"
"188","G26_T_09_R",1885,0.0293141722479956,185.88639831543,"NP","N","","1","3","post",26,"German","target",9,"corrective","female",30,"German"
"189","G26_T_09_R",1895,0.029128222562082,187.311416625977,"NP","N","","1","3","post",26,"German","target",9,"corrective","female",30,"German"
"190","G26_T_09_R",1905,0.0289189266545592,185.234268188477,"NP","N","","1","3","post",26,"German","target",9,"corrective","female",30,"German"
"191","G26_T_09_R",1915,0.0287965718507694,185.281509399414,"NP","N","","1","3","post",26,"German","target",9,"corrective","female",30,"German"
"192","G26_T_09_R",1925,0.0288813799252501,181.402328491211,NA,NA,"",NA,NA,NA,26,"German","target",9,"corrective","female",30,"German"
"193","G26_T_09_R",1935,0.0292864984257189,185.426620483398,NA,NA,"",NA,NA,NA,26,"German","target",9,"corrective","female",30,"German"
"194","G26_T_09_R",1945,0.0300585296901078,183.183471679688,NA,NA,"",NA,NA,NA,26,"German","target",9,"corrective","female",30,"German"
"195","G26_T_09_R",1955,0.0311200437238347,184.761444091797,NA,NA,"",NA,NA,NA,26,"German","target",9,"corrective","female",30,"German"
"196","G26_T_09_R",1965,0.0323372233483347,186.198364257812,NA,NA,"",NA,NA,NA,26,"German","target",9,"corrective","female",30,"German"
"197","G26_T_09_R",1975,0.0335645103611392,185.125671386719,NA,NA,"",NA,NA,NA,26,"German","target",9,"corrective","female",30,"German"
"198","G26_T_09_R",1985,0.0346459356297736,184.198425292969,NA,NA,"",NA,NA,NA,26,"German","target",9,"corrective","female",30,"German"
"199","G26_T_09_R",1995,0.0354465832520765,184.394500732422,NA,NA,"",NA,NA,NA,26,"German","target",9,"corrective","female",30,"German"
"200","G26_T_09_R",2005,0.0358405377369659,184.456497192383,NA,NA,"",NA,NA,NA,26,"German","target",9,"corrective","female",30,"German"
"201","G26_T_09_R",2015,0.0357187549559985,185.115997314453,NA,NA,"",NA,NA,NA,26,"German","target",9,"corrective","female",30,"German"
"202","G26_T_09_R",2025,0.0350184094292695,184.174331665039,NA,NA,"",NA,NA,NA,26,"German","target",9,"corrective","female",30,"German"
"203","G26_T_09_R",2035,0.0337355817691569,189.725845336914,NA,NA,"",NA,NA,NA,26,"German","target",9,"corrective","female",30,"German"
"204","G26_T_09_R",2045,0.0319315607831148,178.094680786133,NA,NA,"",NA,NA,NA,26,"German","target",9,"corrective","female",30,"German"
"205","G26_T_09_R",2055,0.0297232044810352,0,NA,NA,"",NA,NA,NA,26,"German","target",9,"corrective","female",30,"German"
"206","G26_T_09_R",2065,0.0272526051491774,0,NA,NA,"",NA,NA,NA,26,"German","target",9,"corrective","female",30,"German"
"207","G26_T_09_R",2075,0.0246639745460255,0,NA,NA,"",NA,NA,NA,26,"German","target",9,"corrective","female",30,"German"
"208","G26_T_09_R",2085,0.0220989441918286,0,NA,NA,"",NA,NA,NA,26,"German","target",9,"corrective","female",30,"German"
"209","G26_T_09_R",2095,0.0196813815189514,0,NA,NA,"",NA,NA,NA,26,"German","target",9,"corrective","female",30,"German"
"210","G26_T_09_R",2105,0.0174890630964363,0,NA,NA,"",NA,NA,NA,26,"German","target",9,"corrective","female",30,"German"
"211","G26_T_09_R",2115,0.0155439570221622,0,NA,NA,"",NA,NA,NA,26,"German","target",9,"corrective","female",30,"German"
"212","G26_T_09_R",2125,0.0138225313473261,0,NA,NA,"",NA,NA,NA,26,"German","target",9,"corrective","female",30,"German"
"213","G26_T_09_R",2135,0.0122735678773406,0,NA,NA,"",NA,NA,NA,26,"German","target",9,"corrective","female",30,"German"
"214","G26_T_09_R",2145,0.0108543825192072,0,NA,NA,"",NA,NA,NA,26,"German","target",9,"corrective","female",30,"German"
"215","G26_T_09_R",2155,0.00957009183149616,0,NA,NA,"",NA,NA,NA,26,"German","target",9,"corrective","female",30,"German"
"216","G26_T_09_R",2165,0.00843820056950171,0,NA,NA,"",NA,NA,NA,26,"German","target",9,"corrective","female",30,"German"
"217","G26_T_09_R",2175,0.0074687166729596,0,NA,NA,"",NA,NA,NA,26,"German","target",9,"corrective","female",30,"German"
"218","G26_T_09_R",2185,0.00666191537862383,0,NA,NA,"",NA,NA,NA,26,"German","target",9,"corrective","female",30,"German"
"219","G26_T_09_R",2195,0.00599107340076913,0,NA,NA,"",NA,NA,NA,26,"German","target",9,"corrective","female",30,"German"
"220","G26_T_09_R",2205,0.00545705706591504,0,NA,NA,"",NA,NA,NA,26,"German","target",9,"corrective","female",30,"German"
"221","G26_T_09_R",2215,0.0051056292665476,0,NA,NA,"",NA,NA,NA,26,"German","target",9,"corrective","female",30,"German"
"222","G26_T_09_R",2225,0.00497875673718046,0,NA,NA,"",NA,NA,NA,26,"German","target",9,"corrective","female",30,"German"
"223","G26_T_09_R",2235,0.00510975319797958,0,NA,NA,"",NA,NA,NA,26,"German","target",9,"corrective","female",30,"German"
"224","G26_T_09_R",2245,0.00553798974950136,0,NA,NA,"",NA,NA,NA,26,"German","target",9,"corrective","female",30,"German"
"225","G26_T_09_R",2255,0.00629627122580912,0,NA,NA,"",NA,NA,NA,26,"German","target",9,"corrective","female",30,"German"
"226","G26_T_09_R",2265,0.00739884049679675,0,NA,NA,"",NA,NA,NA,26,"German","target",9,"corrective","female",30,"German"
"227","G26_T_09_R",2275,0.00883509342069424,0,NA,NA,"",NA,NA,NA,26,"German","target",9,"corrective","female",30,"German"
"228","G26_T_09_R",2285,0.0105629454747648,0,NA,NA,"",NA,NA,NA,26,"German","target",9,"corrective","female",30,"German"
"229","G26_T_09_R",2295,0.0125149165139337,0,NA,NA,"",NA,NA,NA,26,"German","target",9,"corrective","female",30,"German"
"230","G26_T_09_R",2305,0.0146119723329262,0,NA,NA,"",NA,NA,NA,26,"German","target",9,"corrective","female",30,"German"
"231","G26_T_09_R",2315,0.0167520246624953,0,NA,NA,"",NA,NA,NA,26,"German","target",9,"corrective","female",30,"German"
"232","G26_T_09_R",2325,0.0188069243650643,203.398681640625,NA,NA,"",NA,NA,NA,26,"German","target",9,"corrective","female",30,"German"
"233","G26_T_09_R",2335,0.0206471312799005,195.012313842773,NA,NA,"",NA,NA,NA,26,"German","target",9,"corrective","female",30,"German"
"234","G26_T_09_R",2345,0.0221620135872318,195.496124267578,NA,NA,"",NA,NA,NA,26,"German","target",9,"corrective","female",30,"German"
"235","G26_T_09_R",2355,0.0232659889036259,194.767318725586,NA,NA,"",NA,NA,NA,26,"German","target",9,"corrective","female",30,"German"
"236","G26_T_09_R",2365,0.0239049561898027,195.163269042969,NA,NA,"",NA,NA,NA,26,"German","target",9,"corrective","female",30,"German"
"237","G26_T_09_R",2375,0.0240737232037983,194.036575317383,NA,NA,"",NA,NA,NA,26,"German","target",9,"corrective","female",30,"German"
"238","G26_T_09_R",2385,0.0238288928434683,196.894470214844,NA,NA,"",NA,NA,NA,26,"German","target",9,"corrective","female",30,"German"
"239","G26_T_09_R",2395,0.0232766299652341,196.803527832031,NA,NA,"",NA,NA,NA,26,"German","target",9,"corrective","female",30,"German"
"240","G26_T_09_R",2405,0.0225274435787857,0,NA,NA,"",NA,NA,NA,26,"German","target",9,"corrective","female",30,"German"
"241","G26_T_09_R",2415,0.0216873075408491,0,NA,NA,"",NA,NA,NA,26,"German","target",9,"corrective","female",30,"German"
"242","G26_T_09_R",2425,0.0208938271730341,0,NA,NA,"",NA,NA,NA,26,"German","target",9,"corrective","female",30,"German"
"243","G26_T_09_R",2435,0.0202895896973833,0,NA,NA,"",NA,NA,NA,26,"German","target",9,"corrective","female",30,"German"
"244","G26_T_09_R",2445,0.0199744037685507,0,NA,NA,"",NA,NA,NA,26,"German","target",9,"corrective","female",30,"German"
"245","G26_T_09_R",2455,0.019997822930712,0,NA,NA,"",NA,NA,NA,26,"German","target",9,"corrective","female",30,"German"
"246","G26_T_09_R",2465,0.0203619211861301,0,NA,NA,"",NA,NA,NA,26,"German","target",9,"corrective","female",30,"German"
"247","G26_T_09_R",2475,0.021025723908463,0,NA,NA,"",NA,NA,NA,26,"German","target",9,"corrective","female",30,"German"
"248","G26_T_09_R",2485,0.0219081290813356,0,NA,NA,"",NA,NA,NA,26,"German","target",9,"corrective","female",30,"German"
"249","G26_T_09_R",2495,0.0228878516214694,0,NA,NA,"",NA,NA,NA,26,"German","target",9,"corrective","female",30,"German"
"250","G26_T_09_R",2505,0.0238237260568955,0,NA,NA,"",NA,NA,NA,26,"German","target",9,"corrective","female",30,"German"
"251","G26_T_09_R",2515,0.0246089169803874,200.526107788086,NA,NA,"",NA,NA,NA,26,"German","target",9,"corrective","female",30,"German"
"252","G26_T_09_R",2525,0.0252150933924188,196.150207519531,NA,NA,"",NA,NA,NA,26,"German","target",9,"corrective","female",30,"German"
"253","G26_T_09_R",2535,0.0256670929798312,198.879577636719,NA,NA,"",NA,NA,NA,26,"German","target",9,"corrective","female",30,"German"
"254","G26_T_09_R",2545,0.0259709022952132,199.526290893555,NA,NA,"",NA,NA,NA,26,"German","target",9,"corrective","female",30,"German"
"255","G26_T_09_R",2555,0.0261093399307116,200.015625,NA,NA,"",NA,NA,NA,26,"German","target",9,"corrective","female",30,"German"
"256","G26_T_09_R",2565,0.0260774820776818,202.605560302734,NA,NA,"",NA,NA,NA,26,"German","target",9,"corrective","female",30,"German"
"257","G26_T_09_R",2575,0.0258707935832501,207.262283325195,NA,NA,"",NA,NA,NA,26,"German","target",9,"corrective","female",30,"German"
"258","G26_T_09_R",2585,0.0254737003445106,212.596130371094,NA,NA,"",NA,NA,NA,26,"German","target",9,"corrective","female",30,"German"
"259","G26_T_09_R",2595,0.0248729693092627,212.542205810547,NA,NA,"",NA,NA,NA,26,"German","target",9,"corrective","female",30,"German"
"260","G26_T_09_R",2605,0.0240755293537476,223.478897094727,NA,NA,"",NA,NA,NA,26,"German","target",9,"corrective","female",30,"German"
"261","G26_T_09_R",2615,0.0231035072896837,222.642044067383,NA,NA,"",NA,NA,NA,26,"German","target",9,"corrective","female",30,"German"
"262","G26_T_09_R",2625,0.0219736985501072,231.357345581055,NA,NA,"",NA,NA,NA,26,"German","target",9,"corrective","female",30,"German"
"263","G26_T_09_R",2635,0.0206985323317362,224.428604125977,NA,NA,"",NA,NA,NA,26,"German","target",9,"corrective","female",30,"German"
"264","G26_T_09_R",2645,0.0192930610903281,226.851852416992,NA,NA,"",NA,NA,NA,26,"German","target",9,"corrective","female",30,"German"
"265","G26_T_09_R",2655,0.0177741141963505,222.143524169922,NA,NA,"",NA,NA,NA,26,"German","target",9,"corrective","female",30,"German"
"266","G26_T_09_R",2665,0.0161627356892526,0,NA,NA,"",NA,NA,NA,26,"German","target",9,"corrective","female",30,"German"
"267","G26_T_09_R",2675,0.0144923322321892,0,NA,NA,"",NA,NA,NA,26,"German","target",9,"corrective","female",30,"German"
"268","G26_T_09_R",2685,0.0128145461496222,0,NA,NA,"",NA,NA,NA,26,"German","target",9,"corrective","female",30,"German"
"269","G26_T_09_R",2695,0.0112038811071312,0,NA,NA,"",NA,NA,NA,26,"German","target",9,"corrective","female",30,"German"
"270","G26_T_09_R",2705,0.00974557464322464,0,NA,NA,"",NA,NA,NA,26,"German","target",9,"corrective","female",30,"German"
"271","G26_T_09_R",2715,0.00850061707286724,0,NA,NA,"",NA,NA,NA,26,"German","target",9,"corrective","female",30,"German"
"272","G26_T_09_R",2725,0.00746835813845192,0,NA,NA,"",NA,NA,NA,26,"German","target",9,"corrective","female",30,"German"
"273","G26_T_09_R",2735,0.00661726563121372,0,NA,NA,"",NA,NA,NA,26,"German","target",9,"corrective","female",30,"German"
"274","G26_T_09_R",2745,0.00598364821379598,0,NA,NA,"",NA,NA,NA,26,"German","target",9,"corrective","female",30,"German"
"275","G26_T_09_R",2755,0.00566748716160644,0,NA,NA,"",NA,NA,NA,26,"German","target",9,"corrective","female",30,"German"
"276","G26_T_09_R",2765,0.00574840773465089,0,NA,NA,"",NA,NA,NA,26,"German","target",9,"corrective","female",30,"German"
"277","G26_T_09_R",2775,0.00624053860711877,0,NA,NA,"",NA,NA,NA,26,"German","target",9,"corrective","female",30,"German"
"278","G26_T_09_R",2785,0.0071002314592917,218.684997558594,NA,NA,"",NA,NA,NA,26,"German","target",9,"corrective","female",30,"German"
"279","G26_T_09_R",2795,0.00824152602548912,228.236404418945,NA,NA,"",NA,NA,NA,26,"German","target",9,"corrective","female",30,"German"
"280","G26_T_09_R",2805,0.00953508425831406,0,NA,NA,"",NA,NA,NA,26,"German","target",9,"corrective","female",30,"German"
"281","G26_T_09_R",2815,0.0108328201082584,0,NA,NA,"",NA,NA,NA,26,"German","target",9,"corrective","female",30,"German"
"282","G26_T_09_R",2825,0.0119977032893772,0,NA,NA,"",NA,NA,NA,26,"German","target",9,"corrective","female",30,"German"
"283","G26_T_09_R",2835,0.0129186033903107,221.648590087891,NA,NA,"",NA,NA,NA,26,"German","target",9,"corrective","female",30,"German"
"284","G26_T_09_R",2845,0.0135131696430164,219.969818115234,NA,NA,"",NA,NA,NA,26,"German","target",9,"corrective","female",30,"German"
"285","G26_T_09_R",2855,0.0137378417049407,216.264205932617,NA,NA,"",NA,NA,NA,26,"German","target",9,"corrective","female",30,"German"
"286","G26_T_09_R",2865,0.0136454594635089,0,NA,NA,"",NA,NA,NA,26,"German","target",9,"corrective","female",30,"German"
"287","G26_T_09_R",2875,0.0133954627097494,0,NA,NA,"",NA,NA,NA,26,"German","target",9,"corrective","female",30,"German"
"288","G26_T_09_R",2885,0.0131602077449692,0,NA,NA,"",NA,NA,NA,26,"German","target",9,"corrective","female",30,"German"
"289","G26_T_09_R",2895,0.0130866941309596,0,NA,NA,"",NA,NA,NA,26,"German","target",9,"corrective","female",30,"German"
"290","G26_T_09_R",2905,0.0133109788550145,0,NA,NA,"",NA,NA,NA,26,"German","target",9,"corrective","female",30,"German"
"291","G26_T_09_R",2915,0.0139422373240531,205.813812255859,NA,NA,"",NA,NA,NA,26,"German","target",9,"corrective","female",30,"German"
"292","G26_T_09_R",2925,0.0150620325372929,212.602233886719,NA,NA,"",NA,NA,NA,26,"German","target",9,"corrective","female",30,"German"
"293","G26_T_09_R",2935,0.0166957775201373,0,NA,NA,"",NA,NA,NA,26,"German","target",9,"corrective","female",30,"German"
"294","G26_T_09_R",2945,0.018765162000846,0,NA,NA,"",NA,NA,NA,26,"German","target",9,"corrective","female",30,"German"
"295","G26_T_09_R",2955,0.0211118881485076,0,NA,NA,"",NA,NA,NA,26,"German","target",9,"corrective","female",30,"German"
"296","G26_T_09_R",2965,0.0235461926971696,207.476364135742,NA,NA,"",NA,NA,NA,26,"German","target",9,"corrective","female",30,"German"
"297","G26_T_09_R",2975,0.0258979143391138,198.186172485352,NA,NA,"",NA,NA,NA,26,"German","target",9,"corrective","female",30,"German"
"298","G26_T_09_R",2985,0.0280363869299189,201.593658447266,NA,NA,"",NA,NA,NA,26,"German","target",9,"corrective","female",30,"German"
"299","G26_T_09_R",2995,0.0298715442462011,203.366348266602,NA,NA,"",NA,NA,NA,26,"German","target",9,"corrective","female",30,"German"
"300","G26_T_09_R",3005,0.0313688516298597,204.932067871094,NA,NA,"",NA,NA,NA,26,"German","target",9,"corrective","female",30,"German"
"301","G26_T_09_R",3015,0.0325309039000028,198.051940917969,NA,NA,"",NA,NA,NA,26,"German","target",9,"corrective","female",30,"German"
"302","G26_T_09_R",3025,0.0333755305129222,196.766677856445,NA,NA,"",NA,NA,NA,26,"German","target",9,"corrective","female",30,"German"
"303","G26_T_09_R",3035,0.0339420178719675,195.375930786133,NA,NA,"",NA,NA,NA,26,"German","target",9,"corrective","female",30,"German"
"304","G26_T_09_R",3045,0.0342986861362246,195.46842956543,NA,NA,"",NA,NA,NA,26,"German","target",9,"corrective","female",30,"German"
"305","G26_T_09_R",3055,0.0345246889754847,196.982177734375,NA,NA,"",NA,NA,NA,26,"German","target",9,"corrective","female",30,"German"
"306","G26_T_09_R",3065,0.0346475260032749,195.121948242188,NA,NA,"",NA,NA,NA,26,"German","target",9,"corrective","female",30,"German"
"307","G26_T_09_R",3075,0.0346250122201127,195.670455932617,NA,NA,"",NA,NA,NA,26,"German","target",9,"corrective","female",30,"German"
"308","G26_T_09_R",3085,0.0344281037896596,194.168533325195,NA,NA,"",NA,NA,NA,26,"German","target",9,"corrective","female",30,"German"
"309","G26_T_09_R",3095,0.0340646381546169,194.027877807617,NA,NA,"",NA,NA,NA,26,"German","target",9,"corrective","female",30,"German"
"310","G26_T_09_R",3105,0.0335442666785784,194.027435302734,NA,NA,"",NA,NA,NA,26,"German","target",9,"corrective","female",30,"German"
"311","G26_T_09_R",3115,0.032884296235944,194.703674316406,NA,NA,"",NA,NA,NA,26,"German","target",9,"corrective","female",30,"German"
"312","G26_T_09_R",3125,0.0321051034918819,194.851318359375,NA,NA,"",NA,NA,NA,26,"German","target",9,"corrective","female",30,"German"
"313","G26_T_09_R",3135,0.0312290258566595,193.237518310547,NA,NA,"",NA,NA,NA,26,"German","target",9,"corrective","female",30,"German"
"314","G26_T_09_R",3145,0.0302883820288463,193.499618530273,NA,NA,"",NA,NA,NA,26,"German","target",9,"corrective","female",30,"German"
"315","G26_T_09_R",3155,0.0293128277564162,193.862701416016,NA,NA,"",NA,NA,NA,26,"German","target",9,"corrective","female",30,"German"
"316","G26_T_09_R",3165,0.028328596340425,192.773498535156,NA,NA,"",NA,NA,NA,26,"German","target",9,"corrective","female",30,"German"
"317","G26_T_09_R",3175,0.0273625941963849,193.089340209961,NA,NA,"",NA,NA,NA,26,"German","target",9,"corrective","female",30,"German"
"318","G26_T_09_R",3185,0.0264370244618306,192.783981323242,NA,NA,"",NA,NA,NA,26,"German","target",9,"corrective","female",30,"German"
"319","G26_T_09_R",3195,0.0255610565098917,190.725326538086,NA,NA,"",NA,NA,NA,26,"German","target",9,"corrective","female",30,"German"
"320","G26_T_09_R",3205,0.0247200302858484,191.453399658203,NA,NA,"",NA,NA,NA,26,"German","target",9,"corrective","female",30,"German"
"321","G26_T_09_R",3215,0.0238825147267124,190.545166015625,NA,NA,"",NA,NA,NA,26,"German","target",9,"corrective","female",30,"German"
"322","G26_T_09_R",3225,0.0230190972526045,193.286972045898,NA,NA,"",NA,NA,NA,26,"German","target",9,"corrective","female",30,"German"
"323","G26_T_09_R",3235,0.0220982737667215,194.313949584961,NA,NA,"",NA,NA,NA,26,"German","target",9,"corrective","female",30,"German"
"324","G26_T_09_R",3245,0.021080134463396,194.831558227539,NA,NA,"",NA,NA,NA,26,"German","target",9,"corrective","female",30,"German"
"325","G26_T_09_R",3255,0.0199292443008538,194.118316650391,NA,NA,"",NA,NA,NA,26,"German","target",9,"corrective","female",30,"German"
"326","G26_T_09_R",3265,0.0186290229854829,192.052780151367,NA,NA,"",NA,NA,NA,26,"German","target",9,"corrective","female",30,"German"
"327","G26_T_09_R",3275,0.0171873741304304,197.110458374023,NA,NA,"",NA,NA,NA,26,"German","target",9,"corrective","female",30,"German"
"328","G26_T_09_R",3285,0.0156274372187159,196.945770263672,NA,NA,"",NA,NA,NA,26,"German","target",9,"corrective","female",30,"German"
"329","G26_T_09_R",3295,0.0139801430902388,194.6640625,NA,NA,"",NA,NA,NA,26,"German","target",9,"corrective","female",30,"German"
"330","G26_T_09_R",3305,0.0122878251817364,193.639999389648,NA,NA,"",NA,NA,NA,26,"German","target",9,"corrective","female",30,"German"
"331","G26_T_09_R",3315,0.0106016930215027,193.394302368164,NA,NA,"",NA,NA,NA,26,"German","target",9,"corrective","female",30,"German"
"332","G26_T_09_R",3325,0.00897486767227577,190.717422485352,NA,NA,"",NA,NA,NA,26,"German","target",9,"corrective","female",30,"German"
"333","G26_T_09_R",3335,0.0074566749797722,192.179702758789,NA,NA,"",NA,NA,NA,26,"German","target",9,"corrective","female",30,"German"
"334","G26_T_09_R",3345,0.00608760404181453,0,NA,NA,"",NA,NA,NA,26,"German","target",9,"corrective","female",30,"German"
"335","G26_T_09_R",3355,0.00489559802926575,0,NA,NA,"",NA,NA,NA,26,"German","target",9,"corrective","female",30,"German"
"336","G26_T_09_R",3365,0.0038940582713624,194.038192749023,NA,NA,"",NA,NA,NA,26,"German","target",9,"corrective","female",30,"German"
"337","G26_T_09_R",3375,0.00308233725941331,197.154647827148,NA,NA,"",NA,NA,NA,26,"German","target",9,"corrective","female",30,"German"
"338","G26_T_09_R",3385,0.00244762074342105,195.806213378906,NA,NA,"",NA,NA,NA,26,"German","target",9,"corrective","female",30,"German"
"339","G26_T_09_R",3395,0.00196596051671965,191.214431762695,NA,NA,"",NA,NA,NA,26,"German","target",9,"corrective","female",30,"German"
"340","G26_T_09_R",3405,0.00160649142077669,193.641494750977,NA,NA,"",NA,NA,NA,26,"German","target",9,"corrective","female",30,"German"
"341","G26_T_09_R",3415,0.00133686937378946,0,NA,NA,"",NA,NA,NA,26,"German","target",9,"corrective","female",30,"German"
"342","G26_T_09_R",3425,0.00112620913541433,0,NA,NA,"",NA,NA,NA,26,"German","target",9,"corrective","female",30,"German"
"343","G26_T_09_R",3435,0.000948990067708983,0,NA,NA,"",NA,NA,NA,26,"German","target",9,"corrective","female",30,"German"
"344","G26_T_09_R",3445,0.000790570136126217,0,NA,NA,"",NA,NA,NA,26,"German","target",9,"corrective","female",30,"German"
"345","G26_T_09_R",3455,0.000648645580704989,0,NA,NA,"",NA,NA,NA,26,"German","target",9,"corrective","female",30,"German"
"346","G26_T_09_R",3465,0.000525302595193536,0,NA,NA,"",NA,NA,NA,26,"German","target",9,"corrective","female",30,"German"
"347","G26_T_09_R",3475,0.000420434328376997,0,NA,NA,"",NA,NA,NA,26,"German","target",9,"corrective","female",30,"German"
"348","G26_T_09_R",3485,0.00033405836286187,0,NA,NA,"",NA,NA,NA,26,"German","target",9,"corrective","female",30,"German"
"349","G26_T_09_R",3495,0.000266335482976559,0,NA,NA,"",NA,NA,NA,26,"German","target",9,"corrective","female",30,"German"
"350","G26_T_09_R",3505,0.000215289727282636,0,NA,NA,"",NA,NA,NA,26,"German","target",9,"corrective","female",30,"German"
"351","G26_T_09_R",3515,0.00017780238819408,0,NA,NA,"",NA,NA,NA,26,"German","target",9,"corrective","female",30,"German"
"352","G26_T_09_R",3525,0.000150694784181754,0,NA,NA,"",NA,NA,NA,26,"German","target",9,"corrective","female",30,"German"
"353","G26_T_09_R",3535,0.000131294675194372,0,NA,NA,"",NA,NA,NA,26,"German","target",9,"corrective","female",30,"German"
"354","G26_T_09_R",3545,0.000117744377518224,0,NA,NA,"",NA,NA,NA,26,"German","target",9,"corrective","female",30,"German"
"355","G26_T_09_R",3555,0.000108672286898043,0,NA,NA,"",NA,NA,NA,26,"German","target",9,"corrective","female",30,"German"
"356","G26_T_09_R",3565,0.000103026519764855,0,NA,NA,"",NA,NA,NA,26,"German","target",9,"corrective","female",30,"German"
"357","G26_T_09_R",3575,9.99087895255006e-05,0,NA,NA,"",NA,NA,NA,26,"German","target",9,"corrective","female",30,"German"
"358","G26_T_09_R",3585,9.84054511675352e-05,0,NA,NA,"",NA,NA,NA,26,"German","target",9,"corrective","female",30,"German"
"359","G26_T_09_R",3595,9.76962691611378e-05,0,NA,NA,"",NA,NA,NA,26,"German","target",9,"corrective","female",30,"German"
"360","G26_T_09_R",3605,9.72688857109933e-05,0,NA,NA,"",NA,NA,NA,26,"German","target",9,"corrective","female",30,"German"
"361","G26_T_09_R",3615,9.6899476788814e-05,0,NA,NA,"",NA,NA,NA,26,"German","target",9,"corrective","female",30,"German"
"362","G26_T_09_R",3625,9.65306085613635e-05,0,NA,NA,"",NA,NA,NA,26,"German","target",9,"corrective","female",30,"German"
"363","G26_T_09_R",3635,9.61612478645389e-05,0,NA,NA,"",NA,NA,NA,26,"German","target",9,"corrective","female",30,"German"
"364","G26_T_09_R",3645,9.58003734703634e-05,0,NA,NA,"",NA,NA,NA,26,"German","target",9,"corrective","female",30,"German"
"365","G26_T_09_R",3655,9.54582395742332e-05,0,NA,NA,"",NA,NA,NA,26,"German","target",9,"corrective","female",30,"German"
"366","G26_T_09_R",3665,9.51545500692254e-05,0,NA,NA,"",NA,NA,NA,26,"German","target",9,"corrective","female",30,"German"
"367","G26_T_09_R",3675,9.49090374380773e-05,0,NA,NA,"",NA,NA,NA,26,"German","target",9,"corrective","female",30,"German"
"368","G26_T_09_R",3685,9.47076014518938e-05,0,NA,NA,"",NA,NA,NA,26,"German","target",9,"corrective","female",30,"German"
"369","G26_T_09_R",3695,9.45279880634304e-05,0,NA,NA,"",NA,NA,NA,26,"German","target",9,"corrective","female",30,"German"
"370","G26_T_09_R",3705,9.43511695207903e-05,0,NA,NA,"",NA,NA,NA,26,"German","target",9,"corrective","female",30,"German"
"371","G26_T_09_R",3715,9.41624579335324e-05,0,NA,NA,"",NA,NA,NA,26,"German","target",9,"corrective","female",30,"German"
"372","G26_T_09_R",3725,9.39674253120559e-05,0,NA,NA,"",NA,NA,NA,26,"German","target",9,"corrective","female",30,"German"
"373","G26_T_09_R",3735,9.37657452045842e-05,0,NA,NA,"",NA,NA,NA,26,"German","target",9,"corrective","female",30,"German"
"374","G26_T_09_R",3745,9.35527657680123e-05,0,NA,NA,"",NA,NA,NA,26,"German","target",9,"corrective","female",30,"German"
"375","G26_T_09_R",3755,9.33493549155398e-05,0,NA,NA,"",NA,NA,NA,26,"German","target",9,"corrective","female",30,"German"
"376","G26_T_09_R",3765,9.31887985425789e-05,0,NA,NA,"",NA,NA,NA,26,"German","target",9,"corrective","female",30,"German"
"377","G26_T_09_R",3775,9.30946665397676e-05,0,NA,NA,"",NA,NA,NA,26,"German","target",9,"corrective","female",30,"German"
"378","G26_T_09_R",3785,9.30718592364973e-05,0,NA,NA,"",NA,NA,NA,26,"German","target",9,"corrective","female",30,"German"
"379","G26_T_09_R",3795,9.31031860059631e-05,0,NA,NA,"",NA,NA,NA,26,"German","target",9,"corrective","female",30,"German"
"380","G26_T_09_R",3805,9.31814060531519e-05,0,NA,NA,"",NA,NA,NA,26,"German","target",9,"corrective","female",30,"German"
"381","G26_T_09_R",3815,9.330406426335e-05,0,NA,NA,"",NA,NA,NA,26,"German","target",9,"corrective","female",30,"German"
"382","G26_T_09_R",3825,9.34426436063029e-05,0,NA,NA,"",NA,NA,NA,26,"German","target",9,"corrective","female",30,"German"
"383","G26_T_09_R",3835,9.35606307254582e-05,0,NA,NA,"",NA,NA,NA,26,"German","target",9,"corrective","female",30,"German"
"384","G26_T_09_R",3845,9.36229058380032e-05,0,NA,NA,"",NA,NA,NA,26,"German","target",9,"corrective","female",30,"German"
"385","G26_T_09_R",3855,9.36224875685505e-05,0,NA,NA,"",NA,NA,NA,26,"German","target",9,"corrective","female",30,"German"
"386","G26_T_09_R",3865,9.35806030326164e-05,0,NA,NA,"",NA,NA,NA,26,"German","target",9,"corrective","female",30,"German"
"387","G26_T_09_R",3875,9.35370422060874e-05,0,NA,NA,"",NA,NA,NA,26,"German","target",9,"corrective","female",30,"German"
"388","G26_T_09_R",3885,9.35484727215738e-05,0,NA,NA,"",NA,NA,NA,26,"German","target",9,"corrective","female",30,"German"
"389","G26_T_09_R",3895,9.36488847272114e-05,0,NA,NA,"",NA,NA,NA,26,"German","target",9,"corrective","female",30,"German"
"390","G26_T_09_R",3905,9.38318215769208e-05,0,NA,NA,"",NA,NA,NA,26,"German","target",9,"corrective","female",30,"German"
"391","G26_T_09_R",3915,9.40699508807433e-05,0,NA,NA,"",NA,NA,NA,26,"German","target",9,"corrective","female",30,"German"
"392","G26_T_09_R",3925,9.43415835029419e-05,0,NA,NA,"",NA,NA,NA,26,"German","target",9,"corrective","female",30,"German"
"393","G26_T_09_R",3935,9.46348755093368e-05,0,NA,NA,"",NA,NA,NA,26,"German","target",9,"corrective","female",30,"German"
"394","G26_T_09_R",3945,9.49327759222849e-05,0,NA,NA,"",NA,NA,NA,26,"German","target",9,"corrective","female",30,"German"
"395","G26_T_09_R",3955,9.52164118682454e-05,0,NA,NA,"",NA,NA,NA,26,"German","target",9,"corrective","female",30,"German"
"396","G26_T_09_R",3965,9.54763818235318e-05,0,NA,NA,"",NA,NA,NA,26,"German","target",9,"corrective","female",30,"German"
"397","G26_T_09_R",3975,9.57084596075916e-05,0,NA,NA,"",NA,NA,NA,26,"German","target",9,"corrective","female",30,"German"
"398","G26_T_09_R",3985,9.59174947644113e-05,0,NA,NA,"",NA,NA,NA,26,"German","target",9,"corrective","female",30,"German"
"399","G26_T_09_R",3995,9.61029310808025e-05,0,NA,NA,"",NA,NA,NA,26,"German","target",9,"corrective","female",30,"German"
"400","G26_T_09_R",4005,9.62353651604799e-05,0,NA,NA,"",NA,NA,NA,26,"German","target",9,"corrective","female",30,"German"
"401","G26_T_09_R",4015,9.63066414895353e-05,0,NA,NA,"",NA,NA,NA,26,"German","target",9,"corrective","female",30,"German"
"402","G26_T_09_R",4025,9.63563488505521e-05,0,NA,NA,"",NA,NA,NA,26,"German","target",9,"corrective","female",30,"German"
"403","G26_T_09_R",4035,9.64585435181206e-05,0,NA,NA,"",NA,NA,NA,26,"German","target",9,"corrective","female",30,"German"
"404","G26_T_09_R",4045,9.66685908645139e-05,0,NA,NA,"",NA,NA,NA,26,"German","target",9,"corrective","female",30,"German"
"405","G26_T_09_R",4055,9.69609877897206e-05,0,NA,NA,"",NA,NA,NA,26,"German","target",9,"corrective","female",30,"German"
"406","G26_T_09_R",4065,9.72706859796147e-05,0,NA,NA,"",NA,NA,NA,26,"German","target",9,"corrective","female",30,"German"
"407","G26_T_09_R",4075,9.75412233766987e-05,0,NA,NA,"",NA,NA,NA,26,"German","target",9,"corrective","female",30,"German"
"408","G26_T_09_R",4085,9.77408824901052e-05,0,NA,NA,"",NA,NA,NA,26,"German","target",9,"corrective","female",30,"German"
"409","G26_T_09_R",4095,9.78607460197574e-05,0,NA,NA,"",NA,NA,NA,26,"German","target",9,"corrective","female",30,"German"
"410","G26_T_09_R",4105,9.79083369606257e-05,0,NA,NA,"",NA,NA,NA,26,"German","target",9,"corrective","female",30,"German"
"411","G26_T_09_R",4115,9.79117202718597e-05,0,NA,NA,"",NA,NA,NA,26,"German","target",9,"corrective","female",30,"German"
"412","G26_T_09_R",4125,9.78816633819719e-05,0,NA,NA,"",NA,NA,NA,26,"German","target",9,"corrective","female",30,"German"
"413","G26_T_09_R",4135,9.779299776003e-05,0,NA,NA,"",NA,NA,NA,26,"German","target",9,"corrective","female",30,"German"
"414","G26_T_09_R",4145,9.76541166589165e-05,0,NA,NA,"",NA,NA,NA,26,"German","target",9,"corrective","female",30,"German"
"415","G26_T_09_R",4155,9.75046346934305e-05,0,NA,NA,"",NA,NA,NA,26,"German","target",9,"corrective","female",30,"German"
"416","G26_T_09_R",4165,9.73605325576779e-05,0,NA,NA,"",NA,NA,NA,26,"German","target",9,"corrective","female",30,"German"
"417","G26_T_09_R",4175,9.72121691445773e-05,0,NA,NA,"",NA,NA,NA,26,"German","target",9,"corrective","female",30,"German"
"418","G26_T_09_R",4185,9.70476161466205e-05,0,NA,NA,"",NA,NA,NA,26,"German","target",9,"corrective","female",30,"German"
"419","G26_T_09_R",4195,9.6874475153163e-05,0,NA,NA,"",NA,NA,NA,26,"German","target",9,"corrective","female",30,"German"
"420","G26_T_09_R",4205,9.67357192439013e-05,0,NA,NA,"",NA,NA,NA,26,"German","target",9,"corrective","female",30,"German"
"421","G26_T_09_R",4215,9.66515312065143e-05,0,NA,NA,"",NA,NA,NA,26,"German","target",9,"corrective","female",30,"German"
"422","G26_T_09_R",4225,9.65792036968571e-05,0,NA,NA,"",NA,NA,NA,26,"German","target",9,"corrective","female",30,"German"
"423","G26_T_09_R",4235,9.64508431561573e-05,0,NA,NA,"",NA,NA,NA,26,"German","target",9,"corrective","female",30,"German"
"424","G26_T_09_R",4245,9.62162319266917e-05,0,NA,NA,"",NA,NA,NA,26,"German","target",9,"corrective","female",30,"German"
"425","G26_T_09_R",4255,9.58902348272608e-05,0,NA,NA,"",NA,NA,NA,26,"German","target",9,"corrective","female",30,"German"
"426","G26_T_09_R",4265,9.55189200934517e-05,0,NA,NA,"",NA,NA,NA,26,"German","target",9,"corrective","female",30,"German"
"427","G26_T_09_R",4275,9.51280950807251e-05,0,NA,NA,"",NA,NA,NA,26,"German","target",9,"corrective","female",30,"German"
"428","G26_T_09_R",4285,9.47126756148768e-05,0,NA,NA,"",NA,NA,NA,26,"German","target",9,"corrective","female",30,"German"
"429","G26_T_09_R",4295,9.42878420144722e-05,0,NA,NA,"",NA,NA,NA,26,"German","target",9,"corrective","female",30,"German"
"430","G26_T_09_R",4305,9.39164565269582e-05,0,NA,NA,"",NA,NA,NA,26,"German","target",9,"corrective","female",30,"German"
"431","G26_T_09_R",4315,9.36355074150994e-05,0,NA,NA,"",NA,NA,NA,26,"German","target",9,"corrective","female",30,"German"
"432","G26_T_09_R",4325,9.34795868152528e-05,0,NA,NA,"",NA,NA,NA,26,"German","target",9,"corrective","female",30,"German"
"433","G26_T_09_R",4335,9.35301054763936e-05,0,NA,NA,"",NA,NA,NA,26,"German","target",9,"corrective","female",30,"German"
"434","G26_T_09_R",4345,9.38065125670456e-05,0,NA,NA,"",NA,NA,NA,26,"German","target",9,"corrective","female",30,"German"
"435","G26_T_09_R",4355,4.69971501884934e-05,0,NA,NA,"",NA,NA,NA,26,"German","target",9,"corrective","female",30,"German"
"436","G26_T_09_R",4365,0,0,NA,NA,"",NA,NA,NA,26,"German","target",9,"corrective","female",30,"German"
"437","G26_T_09_R",4375,0,0,NA,NA,"",NA,NA,NA,26,"German","target",9,"corrective","female",30,"German"
"438","G26_T_09_R",4385,0,0,NA,NA,"",NA,NA,NA,26,"German","target",9,"corrective","female",30,"German"
"439","G26_T_09_R",4395,0,0,NA,NA,"",NA,NA,NA,26,"German","target",9,"corrective","female",30,"German"
"440","G26_T_09_R",4405,0,0,NA,NA,"",NA,NA,NA,26,"German","target",9,"corrective","female",30,"German"
"441","G26_T_09_R",4415,0,0,NA,NA,"",NA,NA,NA,26,"German","target",9,"corrective","female",30,"German"
"442","G26_T_09_R",4425,0,0,NA,NA,"",NA,NA,NA,26,"German","target",9,"corrective","female",30,"German"
"443","G26_T_09_R",4435,0,0,NA,NA,"",NA,NA,NA,26,"German","target",9,"corrective","female",30,"German"
"444","G26_T_09_R",4445,0,0,NA,NA,"",NA,NA,NA,26,"German","target",9,"corrective","female",30,"German"
